Idx,Idx,Open,High,Low,Close,Volume,Date
0,0,227.33999633789062,229.4499969482422,225.80999755859375,226.47000122070312,54146000,2024-09-22 20:00:00
1,1,228.64999389648438,229.35000610351562,225.72999572753906,227.3699951171875,43556100,2024-09-23 20:00:00
2,2,224.92999267578125,227.2899932861328,224.02000427246094,226.3699951171875,42308700,2024-09-24 20:00:00
3,3,227.3000030517578,228.5,225.41000366210938,227.52000427246094,36636700,2024-09-25 20:00:00
4,4,228.4600067138672,229.52000427246094,227.3000030517578,227.7899932861328,34026000,2024-09-26 20:00:00
5,5,230.0399932861328,233.0,229.64999389648438,233.0,54541900,2024-09-29 20:00:00
6,6,229.52000427246094,229.64999389648438,223.74000549316406,226.2100067138672,63285000,2024-09-30 20:00:00
7,7,225.88999938964844,227.3699951171875,223.02000427246094,226.77999877929688,32880600,2024-10-01 20:00:00
8,8,225.13999938964844,226.80999755859375,223.32000732421875,225.6699981689453,34044200,2024-10-02 20:00:00
9,9,227.89999389648438,228.0,224.1300048828125,226.8000030517578,37245100,2024-10-03 20:00:00
10,10,224.5,225.69000244140625,221.3300018310547,221.69000244140625,39505400,2024-10-06 20:00:00
11,11,224.3000030517578,225.97999572753906,223.25,225.77000427246094,31855700,2024-10-07 20:00:00
12,12,225.22999572753906,229.75,224.8300018310547,229.5399932861328,33591100,2024-10-08 20:00:00
13,13,227.77999877929688,229.5,227.1699981689453,229.0399932861328,28183500,2024-10-09 20:00:00
14,14,229.3000030517578,229.41000366210938,227.33999633789062,227.5500030517578,31759200,2024-10-10 20:00:00
15,15,228.6999969482422,231.72999572753906,228.60000610351562,231.3000030517578,39882100,2024-10-13 20:00:00
16,16,233.61000061035156,237.49000549316406,232.3699951171875,233.85000610351562,64751400,2024-10-14 20:00:00
17,17,231.60000610351562,232.1199951171875,229.83999633789062,231.77999877929688,34082200,2024-10-15 20:00:00
18,18,233.42999267578125,233.85000610351562,230.52000427246094,232.14999389648438,32993800,2024-10-16 20:00:00
19,19,236.17999267578125,236.17999267578125,234.00999450683594,235.0,46431500,2024-10-17 20:00:00
20,20,234.4499969482422,236.85000610351562,234.4499969482422,236.47999572753906,36254500,2024-10-20 20:00:00
21,21,233.88999938964844,236.22000122070312,232.60000610351562,235.86000061035156,38846600,2024-10-21 20:00:00
22,22,234.0800018310547,235.13999938964844,227.75999450683594,230.75999450683594,52287000,2024-10-22 20:00:00
23,23,229.97999572753906,230.82000732421875,228.41000366210938,230.57000732421875,31109500,2024-10-23 20:00:00
24,24,229.74000549316406,233.22000122070312,229.57000732421875,231.41000366210938,38802300,2024-10-24 20:00:00
25,25,233.32000732421875,234.72999572753906,232.5500030517578,233.39999389648438,36087100,2024-10-27 20:00:00
26,26,233.10000610351562,234.3300018310547,232.32000732421875,233.6699981689453,35417200,2024-10-28 20:00:00
27,27,232.61000061035156,233.47000122070312,229.5500030517578,230.10000610351562,47070900,2024-10-29 20:00:00
28,28,229.33999633789062,229.8300018310547,225.3699951171875,225.91000366210938,64370100,2024-10-30 20:00:00
29,29,220.97000122070312,225.35000610351562,220.27000427246094,222.91000366210938,65276700,2024-10-31 20:00:00
30,30,220.99000549316406,222.7899932861328,219.7100067138672,222.00999450683594,44944500,2024-11-03 19:00:00
31,31,221.8000030517578,223.9499969482422,221.13999938964844,223.4499969482422,28111300,2024-11-04 19:00:00
32,32,222.61000061035156,226.07000732421875,221.19000244140625,222.72000122070312,54561100,2024-11-05 19:00:00
33,33,224.6300048828125,227.8800048828125,224.57000732421875,227.47999572753906,42137700,2024-11-06 19:00:00
34,34,227.1699981689453,228.66000366210938,226.41000366210938,226.9600067138672,38328800,2024-11-07 19:00:00
35,35,225.0,225.6999969482422,221.5,224.22999572753906,42005600,2024-11-10 19:00:00
36,36,224.5500030517578,225.58999633789062,223.36000061035156,224.22999572753906,40398300,2024-11-11 19:00:00
37,37,224.00999450683594,226.64999389648438,222.75999450683594,225.1199951171875,48566200,2024-11-12 19:00:00
38,38,225.02000427246094,228.8699951171875,225.0,228.22000122070312,44923900,2024-11-13 19:00:00
39,39,226.39999389648438,226.9199981689453,224.27000427246094,225.0,47923700,2024-11-14 19:00:00
40,40,225.25,229.74000549316406,225.1699981689453,228.02000427246094,44633700,2024-11-17 19:00:00
41,41,226.97999572753906,230.16000366210938,226.66000366210938,228.27999877929688,36211800,2024-11-18 19:00:00
42,42,228.05999755859375,229.92999267578125,225.88999938964844,229.0,35169600,2024-11-19 19:00:00
43,43,228.8800048828125,230.16000366210938,225.7100067138672,228.52000427246094,42108300,2024-11-20 19:00:00
44,44,228.05999755859375,230.72000122070312,228.05999755859375,229.8699951171875,38168300,2024-11-21 19:00:00
45,45,231.4600067138672,233.25,229.74000549316406,232.8699951171875,90152800,2024-11-24 19:00:00
46,46,233.3300018310547,235.57000732421875,233.3300018310547,235.05999755859375,45986200,2024-11-25 19:00:00
47,47,234.47000122070312,235.69000244140625,233.80999755859375,234.92999267578125,33498400,2024-11-26 19:00:00
48,48,234.80999755859375,237.80999755859375,233.97000122070312,237.3300018310547,28481400,2024-11-28 19:00:00
49,49,237.27000427246094,240.7899932861328,237.16000366210938,239.58999633789062,48137100,2024-12-01 19:00:00
50,50,239.80999755859375,242.75999450683594,238.89999389648438,242.64999389648438,38861000,2024-12-02 19:00:00
51,51,242.8699951171875,244.11000061035156,241.25,243.00999450683594,44383900,2024-12-03 19:00:00
52,52,243.99000549316406,244.5399932861328,242.1300048828125,243.0399932861328,40033900,2024-12-04 19:00:00
53,53,242.91000366210938,244.6300048828125,242.0800018310547,242.83999633789062,36870600,2024-12-05 19:00:00
54,54,241.8300018310547,247.24000549316406,241.75,246.75,44649200,2024-12-08 19:00:00
55,55,246.88999938964844,248.2100067138672,245.33999633789062,247.77000427246094,36914800,2024-12-09 19:00:00
56,56,247.9600067138672,250.8000030517578,246.25999450683594,246.49000549316406,45205800,2024-12-10 19:00:00
57,57,246.88999938964844,248.74000549316406,245.67999267578125,247.9600067138672,32777500,2024-12-11 19:00:00
58,58,247.82000732421875,249.2899932861328,246.24000549316406,248.1300048828125,33155300,2024-12-12 19:00:00
59,59,247.99000549316406,251.3800048828125,247.64999389648438,251.0399932861328,51694800,2024-12-15 19:00:00
60,60,250.0800018310547,253.8300018310547,249.77999877929688,253.47999572753906,51356400,2024-12-16 19:00:00
61,61,252.16000366210938,254.27999877929688,247.74000549316406,248.0500030517578,56774100,2024-12-17 19:00:00
62,62,247.5,252.0,247.08999633789062,249.7899932861328,60882300,2024-12-18 19:00:00
63,63,248.0399932861328,255.0,245.69000244140625,254.49000549316406,147495300,2024-12-19 19:00:00
64,64,254.77000427246094,255.64999389648438,253.4499969482422,255.27000427246094,40858800,2024-12-22 19:00:00
65,65,255.49000549316406,258.2099914550781,255.2899932861328,258.20001220703125,23234700,2024-12-23 19:00:00
66,66,258.19000244140625,260.1000061035156,257.6300048828125,259.0199890136719,27237100,2024-12-25 19:00:00
67,67,257.8299865722656,258.70001220703125,253.05999755859375,255.58999633789062,42355300,2024-12-26 19:00:00
68,68,252.22999572753906,253.5,250.75,252.1999969482422,35557500,2024-12-29 19:00:00
69,69,252.44000244140625,253.27999877929688,249.42999267578125,250.4199981689453,39480700,2024-12-30 19:00:00
70,70,248.92999267578125,249.10000610351562,241.82000732421875,243.85000610351562,55740700,2025-01-01 19:00:00
71,71,243.36000061035156,244.17999267578125,241.88999938964844,243.36000061035156,40244100,2025-01-02 19:00:00
72,72,244.30999755859375,247.3300018310547,243.1999969482422,245.0,45045600,2025-01-05 19:00:00
73,73,242.97999572753906,245.5500030517578,241.35000610351562,242.2100067138672,40856000,2025-01-06 19:00:00
74,74,241.9199981689453,243.7100067138672,240.0500030517578,242.6999969482422,37628900,2025-01-07 19:00:00
75,75,240.00999450683594,240.16000366210938,233.0,236.85000610351562,61710900,2025-01-09 19:00:00
76,76,233.52999877929688,234.6699981689453,229.72000122070312,234.39999389648438,49630700,2025-01-12 19:00:00
77,77,234.75,236.1199951171875,232.47000122070312,233.27999877929688,39435300,2025-01-13 19:00:00
78,78,234.63999938964844,238.9600067138672,234.42999267578125,237.8699951171875,39832000,2025-01-14 19:00:00
79,79,237.35000610351562,238.00999450683594,228.02999877929688,228.25999450683594,71759100,2025-01-15 19:00:00
80,80,232.1199951171875,232.2899932861328,228.47999572753906,229.97999572753906,68488300,2025-01-16 19:00:00
81,81,224.0,224.4199981689453,219.3800048828125,222.63999938964844,98070400,2025-01-20 19:00:00
82,82,219.7899932861328,224.1199951171875,219.7899932861328,223.8300018310547,64126500,2025-01-21 19:00:00
83,83,224.74000549316406,227.02999877929688,222.3000030517578,223.66000366210938,60234800,2025-01-22 19:00:00
84,84,224.77999877929688,225.6300048828125,221.41000366210938,222.77999877929688,54697900,2025-01-23 19:00:00
85,85,224.02000427246094,232.14999389648438,223.97999572753906,229.86000061035156,94863400,2025-01-26 19:00:00
86,86,230.85000610351562,240.19000244140625,230.80999755859375,238.25999450683594,75707600,2025-01-27 19:00:00
87,87,234.1199951171875,239.86000061035156,234.00999450683594,239.36000061035156,45486100,2025-01-28 19:00:00
88,88,238.6699981689453,240.7899932861328,237.2100067138672,237.58999633789062,55658300,2025-01-29 19:00:00
89,89,247.19000244140625,247.19000244140625,233.44000244140625,236.0,100959800,2025-01-30 19:00:00
90,90,229.99000549316406,231.8300018310547,225.6999969482422,228.00999450683594,73063300,2025-02-02 19:00:00
91,91,227.25,233.1300048828125,226.64999389648438,232.8000030517578,45067300,2025-02-03 19:00:00
92,92,228.52999877929688,232.6699981689453,228.27000427246094,232.47000122070312,39620300,2025-02-04 19:00:00
93,93,231.2899932861328,233.8000030517578,230.42999267578125,233.22000122070312,29925300,2025-02-05 19:00:00
94,94,232.60000610351562,234.0,227.25999450683594,227.6300048828125,39707200,2025-02-06 19:00:00
95,95,229.57000732421875,230.58999633789062,227.1999969482422,227.64999389648438,33115600,2025-02-09 19:00:00
96,96,228.1999969482422,235.22999572753906,228.1300048828125,232.6199951171875,53718400,2025-02-10 19:00:00
97,97,231.1999969482422,236.9600067138672,230.67999267578125,236.8699951171875,45243300,2025-02-11 19:00:00
98,98,236.91000366210938,242.33999633789062,235.57000732421875,241.52999877929688,53614100,2025-02-12 19:00:00
99,99,241.25,245.5500030517578,240.99000549316406,244.60000610351562,40896200,2025-02-13 19:00:00
100,100,244.14999389648438,245.17999267578125,241.83999633789062,244.47000122070312,48822500,2025-02-17 19:00:00
101,101,244.66000366210938,246.00999450683594,243.16000366210938,244.8699951171875,32204200,2025-02-18 19:00:00
102,102,244.94000244140625,246.77999877929688,244.2899932861328,245.8300018310547,32316900,2025-02-19 19:00:00
103,103,245.9499969482422,248.69000244140625,245.22000122070312,245.5500030517578,53197400,2025-02-20 19:00:00
104,104,244.92999267578125,248.86000061035156,244.4199981689453,247.10000610351562,51326400,2025-02-23 19:00:00
105,105,248.0,250.0,244.91000366210938,247.0399932861328,48013300,2025-02-24 19:00:00
106,106,244.3300018310547,244.97999572753906,239.1300048828125,240.36000061035156,44433600,2025-02-25 19:00:00
107,107,239.41000366210938,242.4600067138672,237.05999755859375,237.3000030517578,41153600,2025-02-26 19:00:00
108,108,236.9499969482422,242.08999633789062,230.1999969482422,241.83999633789062,56833400,2025-02-27 19:00:00
109,109,241.7899932861328,244.02999877929688,236.11000061035156,238.02999877929688,47184000,2025-03-02 19:00:00
110,110,237.7100067138672,240.07000732421875,234.67999267578125,235.92999267578125,53798100,2025-03-03 19:00:00
111,111,235.4199981689453,236.5500030517578,229.22999572753906,235.74000549316406,47227600,2025-03-04 19:00:00
112,112,234.44000244140625,237.86000061035156,233.16000366210938,235.3300018310547,45170400,2025-03-05 19:00:00
113,113,235.11000061035156,241.3699951171875,234.75999450683594,239.07000732421875,46273600,2025-03-06 19:00:00
114,114,235.5399932861328,236.16000366210938,224.22000122070312,227.47999572753906,72071200,2025-03-09 20:00:00
115,115,223.80999755859375,225.83999633789062,217.4499969482422,220.83999633789062,76137400,2025-03-10 20:00:00
116,116,220.13999938964844,221.75,214.91000366210938,216.97999572753906,62547500,2025-03-11 20:00:00
117,117,215.9499969482422,216.83999633789062,208.4199981689453,209.67999267578125,61368300,2025-03-12 20:00:00
118,118,211.25,213.9499969482422,209.5800018310547,213.49000549316406,60107600,2025-03-13 20:00:00
119,119,213.30999755859375,215.22000122070312,209.97000122070312,214.0,48073400,2025-03-16 20:00:00
120,120,214.16000366210938,215.14999389648438,211.49000549316406,212.69000244140625,42432400,2025-03-17 20:00:00
121,121,214.22000122070312,218.75999450683594,213.75,215.24000549316406,54385400,2025-03-18 20:00:00
122,122,213.99000549316406,217.49000549316406,212.22000122070312,214.10000610351562,48862900,2025-03-19 20:00:00
123,123,211.55999755859375,218.83999633789062,211.27999877929688,218.27000427246094,94127800,2025-03-20 20:00:00
124,124,221.0,221.47999572753906,218.5800018310547,220.72999572753906,44299500,2025-03-23 20:00:00
125,125,220.77000427246094,224.10000610351562,220.0800018310547,223.75,34493600,2025-03-24 20:00:00
126,126,223.50999450683594,225.02000427246094,220.47000122070312,221.52999877929688,34466100,2025-03-25 20:00:00
127,127,221.38999938964844,224.99000549316406,220.55999755859375,223.85000610351562,37094800,2025-03-26 20:00:00
128,128,221.6699981689453,223.80999755859375,217.67999267578125,217.89999389648438,39818600,2025-03-27 20:00:00
129,129,217.00999450683594,225.6199951171875,216.22999572753906,222.1300048828125,65299300,2025-03-30 20:00:00
130,130,219.80999755859375,223.67999267578125,218.89999389648438,223.19000244140625,36412700,2025-03-31 20:00:00
131,131,221.32000732421875,225.19000244140625,221.02000427246094,223.88999938964844,35905900,2025-04-01 20:00:00
132,132,205.5399932861328,207.49000549316406,201.25,203.19000244140625,103419000,2025-04-02 20:00:00
133,133,193.88999938964844,199.8800048828125,187.33999633789062,188.3800048828125,125910900,2025-04-03 20:00:00
134,134,177.1999969482422,194.14999389648438,174.6199951171875,181.4600067138672,160466300,2025-04-06 20:00:00
135,135,186.6999969482422,190.33999633789062,169.2100067138672,172.4199981689453,120859500,2025-04-07 20:00:00
136,136,171.9499969482422,200.61000061035156,171.88999938964844,198.85000610351562,184395900,2025-04-08 20:00:00
137,137,189.07000732421875,194.77999877929688,183.0,190.4199981689453,121880000,2025-04-09 20:00:00
138,138,186.10000610351562,199.5399932861328,186.05999755859375,198.14999389648438,87435900,2025-04-10 20:00:00
139,139,211.44000244140625,212.94000244140625,201.16000366210938,202.52000427246094,101352900,2025-04-13 20:00:00
140,140,201.86000061035156,203.50999450683594,199.8000030517578,202.13999938964844,51343900,2025-04-14 20:00:00
141,141,198.36000061035156,200.6999969482422,192.3699951171875,194.27000427246094,59732400,2025-04-15 20:00:00
142,142,197.1999969482422,198.8300018310547,194.4199981689453,196.97999572753906,52164700,2025-04-16 20:00:00
143,143,193.27000427246094,193.8000030517578,189.80999755859375,193.16000366210938,46742500,2025-04-20 20:00:00
144,144,196.1199951171875,201.58999633789062,195.97000122070312,199.74000549316406,52976400,2025-04-21 20:00:00
145,145,206.0,208.0,202.8000030517578,204.60000610351562,52929200,2025-04-22 20:00:00
146,146,204.88999938964844,208.8300018310547,202.94000244140625,208.3699951171875,47311000,2025-04-23 20:00:00
147,147,206.3699951171875,209.75,206.1999969482422,209.27999877929688,38222300,2025-04-24 20:00:00
148,148,210.0,211.5,207.4600067138672,210.13999938964844,38743100,2025-04-27 20:00:00
149,149,208.69000244140625,212.24000549316406,208.3699951171875,211.2100067138672,36827600,2025-04-28 20:00:00
150,150,209.3000030517578,213.5800018310547,206.6699981689453,212.5,52286500,2025-04-29 20:00:00
151,151,209.0800018310547,214.55999755859375,208.89999389648438,213.32000732421875,57365700,2025-04-30 20:00:00
152,152,206.08999633789062,206.99000549316406,202.16000366210938,205.35000610351562,101010600,2025-05-01 20:00:00
153,153,203.10000610351562,204.10000610351562,198.2100067138672,198.88999938964844,69018500,2025-05-04 20:00:00
154,154,198.2100067138672,200.64999389648438,197.02000427246094,198.50999450683594,51216500,2025-05-05 20:00:00
155,155,199.1699981689453,199.44000244140625,193.25,196.25,68536700,2025-05-06 20:00:00
156,156,197.72000122070312,200.0500030517578,194.67999267578125,197.49000549316406,50478900,2025-05-07 20:00:00
157,157,199.0,200.5399932861328,197.5399932861328,198.52999877929688,36453900,2025-05-08 20:00:00
158,158,210.97000122070312,211.27000427246094,206.75,210.7899932861328,63775800,2025-05-11 20:00:00
159,159,210.42999267578125,213.39999389648438,209.0,212.92999267578125,51909300,2025-05-12 20:00:00
160,160,212.42999267578125,213.94000244140625,210.5800018310547,212.3300018310547,49325800,2025-05-13 20:00:00
161,161,210.9499969482422,212.9600067138672,209.5399932861328,211.4499969482422,45029500,2025-05-14 20:00:00
162,162,212.36000061035156,212.57000732421875,209.77000427246094,211.25999450683594,54737900,2025-05-15 20:00:00
163,163,207.91000366210938,209.47999572753906,204.25999450683594,208.77999877929688,46140500,2025-05-18 20:00:00
164,164,207.6699981689453,208.47000122070312,205.02999877929688,206.86000061035156,42496600,2025-05-19 20:00:00
165,165,205.1699981689453,207.0399932861328,200.7100067138672,202.08999633789062,59211800,2025-05-20 20:00:00
166,166,200.7100067138672,202.75,199.6999969482422,201.36000061035156,46742400,2025-05-21 20:00:00
167,167,193.6699981689453,197.6999969482422,193.4600067138672,195.27000427246094,78432900,2025-05-22 20:00:00
168,168,198.3000030517578,200.74000549316406,197.42999267578125,200.2100067138672,56288500,2025-05-26 20:00:00
169,169,200.58999633789062,202.72999572753906,199.89999389648438,200.4199981689453,45339700,2025-05-27 20:00:00
170,170,203.5800018310547,203.80999755859375,198.50999450683594,199.9499969482422,51396800,2025-05-28 20:00:00
171,171,199.3699951171875,201.9600067138672,196.77999877929688,200.85000610351562,70819900,2025-05-29 20:00:00
172,172,200.27999877929688,202.1300048828125,200.1199951171875,201.6999969482422,35423300,2025-06-01 20:00:00
173,173,201.35000610351562,203.77000427246094,200.9600067138672,203.27000427246094,46381600,2025-06-02 20:00:00
174,174,202.91000366210938,206.24000549316406,202.10000610351562,202.82000732421875,43604000,2025-06-03 20:00:00
175,175,203.5,204.75,200.14999389648438,200.6300048828125,55126100,2025-06-04 20:00:00
176,176,203.0,205.6999969482422,202.0500030517578,203.9199981689453,46607700,2025-06-05 20:00:00
177,177,204.38999938964844,206.0,200.02000427246094,201.4499969482422,72862600,2025-06-08 20:00:00
178,178,200.60000610351562,204.35000610351562,200.57000732421875,202.6699981689453,54672600,2025-06-09 20:00:00
179,179,203.5,204.5,198.41000366210938,198.77999877929688,60989900,2025-06-10 20:00:00
180,180,199.0800018310547,199.67999267578125,197.36000061035156,199.1999969482422,43904600,2025-06-11 20:00:00
181,181,199.72999572753906,200.3699951171875,195.6999969482422,196.4499969482422,51447300,2025-06-12 20:00:00
182,182,197.3000030517578,198.69000244140625,196.55999755859375,198.4199981689453,43020700,2025-06-15 20:00:00
183,183,197.1999969482422,198.38999938964844,195.2100067138672,195.63999938964844,38856200,2025-06-16 20:00:00
184,184,195.94000244140625,197.57000732421875,195.07000732421875,196.5800018310547,45394700,2025-06-17 20:00:00
185,185,198.24000549316406,201.6999969482422,196.86000061035156,201.0,96813500,2025-06-19 20:00:00
186,186,201.6300048828125,202.3000030517578,198.9600067138672,201.5,55814300,2025-06-22 20:00:00
187,187,202.58999633789062,203.44000244140625,200.1999969482422,200.3000030517578,54064000,2025-06-23 20:00:00
188,188,201.4499969482422,203.6699981689453,200.6199951171875,201.55999755859375,39525700,2025-06-24 20:00:00
189,189,201.42999267578125,202.63999938964844,199.4600067138672,201.0,50799100,2025-06-25 20:00:00
190,190,201.88999938964844,203.22000122070312,200.0,201.0800018310547,73188600,2025-06-26 20:00:00
191,191,202.00999450683594,207.38999938964844,199.25999450683594,205.1699981689453,91912800,2025-06-29 20:00:00
192,192,206.6699981689453,210.19000244140625,206.13999938964844,207.82000732421875,78788900,2025-06-30 20:00:00
193,193,208.91000366210938,213.33999633789062,208.13999938964844,212.44000244140625,67941800,2025-07-01 20:00:00
194,194,212.14999389648438,214.64999389648438,211.80999755859375,213.5500030517578,34955800,2025-07-02 20:00:00
195,195,212.67999267578125,216.22999572753906,208.8000030517578,209.9499969482422,50229000,2025-07-06 20:00:00
196,196,210.10000610351562,211.42999267578125,208.4499969482422,210.00999450683594,42848900,2025-07-07 20:00:00
197,197,209.52999877929688,211.3300018310547,207.22000122070312,211.13999938964844,48749400,2025-07-08 20:00:00
198,198,210.50999450683594,213.47999572753906,210.02999877929688,212.41000366210938,44443600,2025-07-09 20:00:00
199,199,210.57000732421875,212.1300048828125,209.86000061035156,211.16000366210938,39765800,2025-07-10 20:00:00
200,200,209.92999267578125,210.91000366210938,207.5399932861328,208.6199951171875,38840100,2025-07-13 20:00:00
201,201,209.22000122070312,211.88999938964844,208.9199981689453,209.11000061035156,42296300,2025-07-14 20:00:00
202,202,210.3000030517578,212.39999389648438,208.63999938964844,210.16000366210938,47490500,2025-07-15 20:00:00
203,203,210.57000732421875,211.8000030517578,209.58999633789062,210.02000427246094,48068100,2025-07-16 20:00:00
204,204,210.8699951171875,211.7899932861328,209.6999969482422,211.17999267578125,48974600,2025-07-17 20:00:00
205,205,212.10000610351562,215.77999877929688,211.6300048828125,212.47999572753906,51377400,2025-07-20 20:00:00
206,206,213.13999938964844,214.9499969482422,212.22999572753906,214.39999389648438,46404100,2025-07-21 20:00:00
207,207,215.0,215.14999389648438,212.41000366210938,214.14999389648438,46989300,2025-07-22 20:00:00
208,208,213.89999389648438,215.69000244140625,213.52999877929688,213.75999450683594,46022600,2025-07-23 20:00:00
209,209,214.6999969482422,215.24000549316406,213.39999389648438,213.8800048828125,40268800,2025-07-24 20:00:00
210,210,214.02999877929688,214.85000610351562,213.05999755859375,214.0500030517578,37858000,2025-07-27 20:00:00
211,211,214.17999267578125,214.80999755859375,210.82000732421875,211.27000427246094,51411700,2025-07-28 20:00:00
212,212,211.89999389648438,212.38999938964844,207.72000122070312,209.0500030517578,45512500,2025-07-29 20:00:00
213,213,208.49000549316406,209.83999633789062,207.16000366210938,207.57000732421875,80698400,2025-07-30 20:00:00
214,214,210.8699951171875,213.5800018310547,201.5,202.3800048828125,104434500,2025-07-31 20:00:00
215,215,204.50999450683594,207.8800048828125,201.67999267578125,203.35000610351562,75109300,2025-08-03 20:00:00
216,216,203.39999389648438,205.33999633789062,202.16000366210938,202.9199981689453,44155100,2025-08-04 20:00:00
217,217,205.6300048828125,215.3800048828125,205.58999633789062,213.25,108483100,2025-08-05 20:00:00
218,218,218.8800048828125,220.85000610351562,216.5800018310547,220.02999877929688,90224800,2025-08-06 20:00:00
219,219,220.8300018310547,231.0,219.25,229.35000610351562,113854000,2025-08-07 20:00:00
220,220,227.9199981689453,229.55999755859375,224.75999450683594,227.17999267578125,61806100,2025-08-10 20:00:00
221,221,228.00999450683594,230.8000030517578,227.07000732421875,229.64999389648438,55626200,2025-08-11 20:00:00
222,222,231.07000732421875,235.0,230.42999267578125,233.3300018310547,69878500,2025-08-12 20:00:00
223,223,234.05999755859375,235.1199951171875,230.85000610351562,232.77999877929688,51916300,2025-08-13 20:00:00
224,224,234.0,234.27999877929688,229.33999633789062,231.58999633789062,56038700,2025-08-14 20:00:00
225,225,231.6999969482422,233.1199951171875,230.11000061035156,230.88999938964844,37476200,2025-08-17 20:00:00
226,226,231.27999877929688,232.8699951171875,229.35000610351562,230.55999755859375,39402600,2025-08-18 20:00:00
227,227,229.97999572753906,230.47000122070312,225.77000427246094,226.00999450683594,42263900,2025-08-19 20:00:00
228,228,226.27000427246094,226.52000427246094,223.77999877929688,224.89999389648438,30621200,2025-08-20 20:00:00
229,229,226.1699981689453,229.08999633789062,225.41000366210938,227.75999450683594,42477800,2025-08-21 20:00:00
230,230,226.47999572753906,229.3000030517578,226.22999572753906,227.16000366210938,30983100,2025-08-24 20:00:00
231,231,226.8699951171875,229.49000549316406,224.69000244140625,229.30999755859375,54575100,2025-08-25 20:00:00
232,232,228.61000061035156,230.89999389648438,228.25999450683594,230.49000549316406,31259500,2025-08-26 20:00:00
233,233,230.82000732421875,233.41000366210938,229.33999633789062,232.55999755859375,38074700,2025-08-27 20:00:00
234,234,232.50999450683594,233.3800048828125,231.3699951171875,232.13999938964844,39418400,2025-08-28 20:00:00
235,235,229.25,230.85000610351562,226.97000122070312,229.72000122070312,44075600,2025-09-01 20:00:00
236,236,237.2100067138672,238.85000610351562,234.36000061035156,238.47000122070312,66427800,2025-09-02 20:00:00
237,237,238.4499969482422,239.89999389648438,236.74000549316406,239.77999877929688,47549400,2025-09-03 20:00:00
238,238,240.0,241.32000732421875,238.49000549316406,239.69000244140625,54870400,2025-09-04 20:00:00
239,239,239.3000030517578,240.14999389648438,236.33999633789062,237.8800048828125,48999500,2025-09-07 20:00:00
240,240,237.0,238.77999877929688,233.36000061035156,234.35000610351562,66313900,2025-09-08 20:00:00
241,241,232.19000244140625,232.4199981689453,225.9499969482422,226.7899932861328,83440800,2025-09-09 20:00:00
242,242,226.8800048828125,230.4499969482422,226.64999389648438,230.02999877929688,50208600,2025-09-10 20:00:00
243,243,229.22000122070312,234.50999450683594,229.02000427246094,234.07000732421875,55824200,2025-09-11 20:00:00
244,244,237.0,238.19000244140625,235.02999877929688,236.6999969482422,42699500,2025-09-14 20:00:00
245,245,237.17999267578125,241.22000122070312,236.32000732421875,238.14999389648438,63421100,2025-09-15 20:00:00
246,246,238.97000122070312,240.10000610351562,237.72999572753906,238.99000549316406,46508000,2025-09-16 20:00:00
247,247,239.97000122070312,241.1999969482422,236.64999389648438,237.8800048828125,44249600,2025-09-17 20:00:00
248,248,241.22999572753906,246.3000030517578,240.2100067138672,245.5,163741300,2025-09-18 20:00:00
