date,close,macd,signal,histogram,bullish_score,bearish_score,net_score,macd_position,days_since_cross,cross_probability,approaching_cross
2025-04-28,108.73,-1.9696286770223423,-2.872944523039794,0.9033158460174517,66.0,0.0,66.0,Above Signal,2,25.0,False
2025-04-29,109.02,-1.5863554825550779,-2.615626714942851,1.029271232387773,66.0,0.0,66.0,Above Signal,3,25.0,False
2025-04-30,108.92,-1.2759692990544806,-2.3476952317651767,1.071725932710696,63.0,0.0,63.0,Above Signal,4,25.0,False
2025-05-01,111.61,-0.8036613854963832,-2.038888462511418,1.2352270770150349,63.0,0.0,63.0,Above Signal,5,20.0,False
2025-05-02,114.5,-0.1939197280306928,-1.669894715615273,1.4759749875845802,64.0,0.0,64.0,Above Signal,6,20.0,False
2025-05-05,113.82,0.23176299195559125,-1.2895631741011004,1.5213261660566917,64.0,0.0,64.0,Above Signal,7,20.0,False
2025-05-06,113.54,0.5402977384752603,-0.9235909915858282,1.4638887300610886,59.0,0.0,59.0,Above Signal,8,20.0,False
2025-05-07,117.06,1.0566677223470862,-0.5275392487992454,1.5842069711463316,64.0,0.0,64.0,Above Signal,9,20.0,False
2025-05-08,117.37,1.473918647348114,-0.1272476695697735,1.6011663169178876,64.0,0.0,64.0,Above Signal,10,20.0,False
2025-05-09,116.65,1.726591951581426,0.24352025466046645,1.4830716969209596,37.0,20.0,17.0,Above Signal,11,60.0,False
2025-05-12,123.0,2.4114318115752553,0.6771025660434242,1.734329245531831,62.0,0.0,62.0,Above Signal,12,15.0,False
2025-05-13,129.93,3.4733270658544626,1.236347466005632,2.236979599848831,67.0,0.0,67.0,Above Signal,13,15.0,False
2025-05-14,135.34,4.697281158912489,1.9285342045870033,2.7687469543254855,63.0,0.0,63.0,Above Signal,14,20.0,False
2025-05-15,134.83,5.562005520608537,2.6552284677913103,2.9067770528172265,63.0,0.0,63.0,Above Signal,15,20.0,False
2025-05-16,135.4,6.221581524551496,3.3684990791433473,2.8530824454081487,63.0,0.0,63.0,Above Signal,16,20.0,False
2025-05-19,135.57,6.68100339060878,4.030999941436434,2.6500034491723454,63.0,0.0,63.0,Above Signal,17,20.0,False
2025-05-20,134.38,6.869883731358968,4.598776699420942,2.271107031938026,42.0,20.0,22.0,Above Signal,18,70.0,False
2025-05-21,131.8,6.733765665207585,5.02577449257827,1.707991172629315,37.0,28.0,9.0,Above Signal,19,65.0,True
2025-05-22,132.83,6.632547628590885,5.347129119780793,1.2854185088100918,32.0,28.0,4.0,Above Signal,20,70.0,True
2025-05-23,131.29,6.3548121568417315,5.548665727192981,0.8061464296487504,26.0,31.0,-5.0,Above Signal,21,80.0,True
2025-05-27,135.5,6.400634084595609,5.719059398673507,0.6815746859221017,26.0,31.0,-5.0,Above Signal,22,80.0,True
2025-05-28,134.81,6.308550021330461,5.836957523204898,0.47159249812556325,21.0,31.0,-10.0,Above Signal,23,90.0,True
2025-05-29,139.19,6.513913789184514,5.972348776400822,0.5415650127836917,21.0,31.0,-10.0,Above Signal,24,85.0,True
2025-05-30,135.13,6.276704048452686,6.033219830811195,0.24348421764149109,21.0,35.0,-14.0,Above Signal,25,95.0,True
2025-06-02,137.38,6.19881374960633,6.066338614570222,0.13247513503610797,21.0,31.0,-10.0,Above Signal,26,90.0,True
2025-06-03,141.22,6.373471620885027,6.1277652158331835,0.24570640505184382,21.0,31.0,-10.0,Above Signal,27,80.0,True
2025-06-04,141.92,6.493520134042029,6.200916199474953,0.2926039345670759,21.0,31.0,-10.0,Above Signal,28,80.0,True
2025-06-05,139.99,6.359614893534911,6.232655938286945,0.1269589552479653,21.0,35.0,-14.0,Above Signal,29,90.0,True
2025-06-06,141.72,6.320234834521813,6.250171717533919,0.07006311698789336,21.0,35.0,-14.0,Above Signal,30,90.0,True
2025-06-09,142.63,6.28994863632613,6.258127101292362,0.03182153503376828,17.0,31.0,-14.0,Above Signal,31,90.0,True
2025-06-10,143.96,6.300636673223266,6.266629015678543,0.03400765754472346,17.0,31.0,-14.0,Above Signal,32,90.0,True
2025-06-11,142.83,6.147065913832392,6.242716395309313,-0.09565048147692057,0.0,65.0,-65.0,Below Signal,0,20.0,False
2025-06-12,145.0,6.129800322699026,6.220133180787256,-0.09033285808822988,0.0,61.0,-61.0,Below Signal,1,25.0,False
2025-06-13,141.97,5.804708474116495,6.1370482394531045,-0.33233976533660936,0.0,60.0,-60.0,Below Signal,2,20.0,False
2025-06-16,144.69,5.7008364164051955,6.049805874843523,-0.3489694584383276,0.0,56.0,-56.0,Below Signal,3,25.0,False
2025-06-17,144.12,5.509018292370371,5.941648358348893,-0.4326300659785218,0.0,53.0,-53.0,Below Signal,4,25.0,False
2025-06-18,145.48,5.404442630606667,5.8342072128004485,-0.42976458219378166,0.0,53.0,-53.0,Below Signal,5,25.0,False
2025-06-20,143.85,5.130892552237867,5.693544280687933,-0.5626517284500654,0.0,53.0,-53.0,Below Signal,6,20.0,False
2025-06-23,144.17,4.883628045798076,5.531561033709962,-0.6479329879118856,0.0,54.0,-54.0,Below Signal,7,25.0,False
2025-06-24,147.9,4.9317982695754665,5.4116084808830625,-0.47981021130759594,0.0,49.0,-49.0,Below Signal,8,25.0,False
2025-06-25,154.31,5.424674675445743,5.414221719795599,0.010452955650144702,65.0,0.0,65.0,Above Signal,0,20.0,False
2025-06-26,155.02,5.8056499259088525,5.49250736101825,0.31314256489060277,61.0,0.0,61.0,Above Signal,1,25.0,False
2025-06-27,157.75,6.255751333811162,5.645156155576832,0.6105951782343295,61.0,0.0,61.0,Above Signal,2,25.0,False
2025-06-30,157.99,6.556249572665564,5.827374838994579,0.7288747336709847,61.0,0.0,61.0,Above Signal,3,25.0,False
2025-07-01,153.3,6.342836516808859,5.930467174557436,0.41236934225142274,53.0,0.0,53.0,Above Signal,4,25.0,False
2025-07-02,157.25,6.418449233538723,6.028063586353694,0.3903856471850293,53.0,0.0,53.0,Above Signal,5,25.0,False
2025-07-03,159.34,6.571268892132849,6.136704647509526,0.4345642446233233,33.0,28.0,5.0,Above Signal,6,75.0,True
2025-07-07,158.24,6.528363850950143,6.21503648819765,0.31332736275249307,33.0,31.0,2.0,Above Signal,7,85.0,True
2025-07-08,160.0,6.560750341750577,6.284179258908236,0.27657108284234067,33.0,28.0,5.0,Above Signal,8,75.0,True
2025-07-09,162.88,6.741101577087079,6.375563722544006,0.3655378545430734,33.0,28.0,5.0,Above Signal,9,75.0,True
2025-07-10,164.1,6.902902669420939,6.481031511919393,0.42187115750154636,33.0,28.0,5.0,Above Signal,10,75.0,True
2025-07-11,164.92,7.016417454931286,6.588108700521771,0.42830875440951477,43.0,0.0,43.0,Above Signal,11,25.0,False
2025-07-14,164.07,6.9575880993632495,6.662004580290068,0.2955835190731815,43.0,0.0,43.0,Above Signal,12,25.0,False
2025-07-15,170.7,7.361096859538009,6.801823036139656,0.5592738233983523,52.0,0.0,52.0,Above Signal,13,20.0,False
2025-07-16,171.37,7.646796351304118,6.9708176991725495,0.6759786521315689,48.0,0.0,48.0,Above Signal,14,25.0,False
2025-07-17,173.0,7.91352049612027,7.1593582585620945,0.7541622375581758,48.0,0.0,48.0,Above Signal,15,25.0,False
2025-07-18,172.41,7.985244307630126,7.324535468375702,0.6607088392544238,48.0,0.0,48.0,Above Signal,16,25.0,False
2025-07-21,171.38,7.868272999751753,7.433282974650913,0.4349900251008396,27.0,35.0,-8.0,Above Signal,17,85.0,True
2025-07-22,167.03,7.339953336886907,7.414617047098112,-0.07466371021120466,0.0,65.0,-65.0,Below Signal,0,20.0,False
2025-07-23,170.78,7.141526782370164,7.359998994152523,-0.21847221178235898,0.0,61.0,-61.0,Below Signal,1,25.0,False
2025-07-24,173.74,7.140804817636308,7.31616015884928,-0.17535534121297225,0.0,56.0,-56.0,Below Signal,2,25.0,False
2025-07-25,173.5,7.039717183526989,7.260871563784822,-0.22115438025783352,0.0,56.0,-56.0,Below Signal,3,25.0,False
2025-07-28,176.75,7.139552032204591,7.2366076574687765,-0.09705562526418543,0.0,53.0,-53.0,Below Signal,4,25.0,False
2025-07-29,175.51,7.037490423251654,7.196784210625352,-0.1592937873736977,28.0,37.0,-9.0,Below Signal,5,75.0,True
2025-07-30,179.27,7.177271323094828,7.1928816331192476,-0.01561031002441915,35.0,33.0,2.0,Below Signal,6,100.0,True
2025-07-31,177.87,7.093313095643225,7.172967925624043,-0.07965482998081796,31.0,33.0,-2.0,Below Signal,7,85.0,True
2025-08-01,173.72,6.615644249683754,7.061503190435985,-0.4458589407522311,0.0,53.0,-53.0,Below Signal,8,20.0,False
2025-08-04,180.0,6.666978980060975,6.982598348360984,-0.31561936830000903,0.0,49.0,-49.0,Below Signal,9,25.0,False
2025-08-05,178.26,6.492418110925655,6.8845623008739185,-0.3921441899482634,0.0,49.0,-49.0,Below Signal,10,25.0,False
2025-08-06,179.42,6.374201838971459,6.782490208493427,-0.40828836952196834,0.0,43.0,-43.0,Below Signal,11,25.0,False
2025-08-07,180.77,6.3166340835774974,6.689318983510242,-0.3726848999327448,28.0,27.0,1.0,Below Signal,12,75.0,True
2025-08-08,182.7,6.353506821276483,6.622156551063491,-0.2686497297870085,35.0,27.0,8.0,Below Signal,13,85.0,True
2025-08-11,182.06,6.258936951140072,6.549512631078808,-0.290575679938736,28.0,27.0,1.0,Below Signal,14,75.0,True
2025-08-12,183.16,6.201266118968903,6.479863328656828,-0.27859720968792523,28.0,27.0,1.0,Below Signal,15,75.0,True
2025-08-13,181.59,5.960170553946284,6.37592477371472,-0.4157542197684361,0.0,47.0,-47.0,Below Signal,16,20.0,False
2025-08-14,182.02,5.737657839994682,6.248271386970713,-0.5106135469760309,0.0,48.0,-48.0,Below Signal,17,25.0,False
2025-08-15,180.45,5.372695937724984,6.073156297121568,-0.7004603593965841,0.0,48.0,-48.0,Below Signal,18,25.0,False
2025-08-18,182.01,5.149974265716253,5.888519890840506,-0.738545625124253,0.0,48.0,-48.0,Below Signal,19,25.0,False
2025-08-19,175.64,4.408639915672751,5.592543895806955,-1.183903980134204,0.0,57.0,-57.0,Below Signal,20,20.0,False
2025-08-20,175.4,3.758436195089672,5.225722355663499,-1.4672861605738268,0.0,52.0,-52.0,Below Signal,21,25.0,False
2025-08-21,174.98,3.1726818704722746,4.815114258625254,-1.6424323881529794,0.0,52.0,-52.0,Below Signal,22,25.0,False
2025-08-22,177.99,2.9177155834304926,4.435634523586302,-1.517918940155809,0.0,52.0,-52.0,Below Signal,23,25.0,False
2025-08-25,179.81,2.8298905370765794,4.114485726284357,-1.2845951892077778,0.0,47.0,-47.0,Below Signal,24,25.0,False
2025-08-26,181.77,2.8851855516189744,3.868625691351281,-0.9834401397323065,35.0,31.0,4.0,Below Signal,25,80.0,True
2025-08-27,181.6,2.8820669954727407,3.671313952175573,-0.7892469567028324,31.0,26.0,5.0,Below Signal,26,80.0,True
2025-08-28,180.17,2.732705539854237,3.483592269711306,-0.750886729857069,31.0,26.0,5.0,Below Signal,27,80.0,True
2025-08-29,174.18,2.106707755083562,3.2082153667857574,-1.1015076117021954,28.0,31.0,-3.0,Below Signal,28,70.0,True
2025-09-02,170.78,1.3210205133961779,2.830776396107842,-1.509755882711664,0.0,56.0,-56.0,Below Signal,29,20.0,False
2025-09-03,170.62,0.6776356885596897,2.4001482545982116,-1.7225125660385219,0.0,52.0,-52.0,Below Signal,30,25.0,False
2025-09-04,171.66,0.24879987777825363,1.9698785792342202,-1.7210787014559665,0.0,48.0,-48.0,Below Signal,31,25.0,False
2025-09-05,167.02,-0.460160371441134,1.4838707890991494,-1.9440311605402834,0.0,48.0,-48.0,Below Signal,32,20.0,False
2025-09-08,168.31,-0.9074635824085249,1.0056039147976146,-1.9130674972061394,0.0,48.0,-48.0,Below Signal,33,20.0,False
2025-09-09,170.76,-1.0521317553042877,0.5940567807772341,-1.6461885360815218,20.0,32.0,-12.0,Below Signal,34,70.0,False
2025-09-10,177.33,-0.6293830958316562,0.34936880545545607,-0.9787519012871122,32.0,22.0,10.0,Below Signal,35,75.0,True
2025-09-11,177.17,-0.3037608344689886,0.21874287747056712,-0.5225037119395557,31.0,17.0,14.0,Below Signal,36,85.0,True
2025-09-12,177.82,0.006669835652388656,0.17632826910693145,-0.1696584334545428,31.0,17.0,14.0,Below Signal,37,90.0,True
2025-09-15,177.75,0.2442246930335159,0.18990755389224837,0.05431713914126754,69.0,8.0,61.0,Above Signal,0,25.0,False
2025-09-16,174.88,0.19861411470779444,0.19164886605535758,0.006965248652436862,69.0,8.0,61.0,Above Signal,1,25.0,False
2025-09-17,170.29,-0.20553792374920477,0.11221150809444512,-0.3177494318436499,24.0,53.0,-29.0,Below Signal,0,80.0,False
2025-09-18,176.24,-0.04519507155737301,0.08073019216408149,-0.12592526372145452,28.0,53.0,-25.0,Below Signal,1,85.0,False
2025-09-19,176.67,0.1152467080408428,0.08763349533943375,0.027613212701409054,53.0,24.0,29.0,Above Signal,0,80.0,False
2025-09-22,183.61,0.7932538378338734,0.2287575638383217,0.5644962739955517,78.0,8.0,70.0,Above Signal,1,20.0,False
2025-09-23,178.43,0.9021967020553632,0.36344539148173005,0.5387513105736331,69.0,8.0,61.0,Above Signal,2,25.0,False
2025-09-24,176.97,0.8608021175901115,0.46291673670340633,0.39788538088670516,64.0,8.0,56.0,Above Signal,3,25.0,False
2025-09-25,177.69,0.8759966497886467,0.5455327193204544,0.3304639304681922,61.0,8.0,53.0,Above Signal,4,25.0,False
2025-09-26,178.19,0.917804369889609,0.6199870494342854,0.2978173204553236,45.0,31.0,14.0,Above Signal,5,80.0,True
2025-09-29,181.85,1.2320662090582744,0.7424028813590833,0.4896633276991911,46.0,28.0,18.0,Above Signal,6,70.0,True
2025-09-30,186.58,1.8415640464803573,0.9622351143833381,0.8793289320970192,71.0,8.0,63.0,Above Signal,7,20.0,False
2025-10-01,187.24,2.3507539299708355,1.2399388775008378,1.1108150524699978,72.0,8.0,64.0,Above Signal,8,25.0,False
2025-10-02,188.89,2.854526585925214,1.562856419185713,1.291670166739501,72.0,8.0,64.0,Above Signal,9,25.0,False
2025-10-03,187.62,3.1153795034288123,1.873361036034333,1.2420184673944794,72.0,8.0,64.0,Above Signal,10,25.0,False
2025-10-06,185.54,3.1183226210920054,2.1223533530458676,0.9959692680461378,61.0,8.0,53.0,Above Signal,11,25.0,False
2025-10-07,185.04,3.0452060024965704,2.306923882936008,0.7382821195605622,45.0,35.0,10.0,Above Signal,12,85.0,True
2025-10-08,189.11,3.277890064822145,2.5011171193132355,0.7767729455089096,45.0,28.0,17.0,Above Signal,13,75.0,True
2025-10-09,192.57,3.6988489163327642,2.7406634787171416,0.9581854376156227,45.0,28.0,17.0,Above Signal,14,60.0,True
2025-10-10,183.16,3.2358525872732002,2.8397013004283536,0.3961512868448467,40.0,35.0,5.0,Above Signal,15,95.0,True
2025-10-13,188.32,3.247854294280387,2.9213318991987607,0.3265223950816263,35.0,31.0,4.0,Above Signal,16,85.0,True
2025-10-14,180.03,2.5589342152201766,2.848852362403044,-0.28991814718286735,0.0,65.0,-65.0,Below Signal,0,20.0,False
2025-10-15,179.83,1.9740659570935861,2.673895081341153,-0.6998291242475667,0.0,66.0,-66.0,Below Signal,1,25.0,False
2025-10-16,181.81,1.6512880801329004,2.469373681099502,-0.8180856009666018,0.0,66.0,-66.0,Below Signal,2,25.0,False
2025-10-17,183.22,1.4920599647918493,2.2739109378379716,-0.7818509730461223,0.0,66.0,-66.0,Below Signal,3,25.0,False
2025-10-20,182.64,1.3040372537435303,2.0799362010190836,-0.7758989472755533,0.0,63.0,-63.0,Below Signal,4,25.0,False
2025-10-21,181.16,1.0238025114265383,1.8687094631005745,-0.8449069516740362,0.0,63.0,-63.0,Below Signal,5,25.0,False
2025-10-22,180.28,0.7223786818456972,1.639443306849599,-0.9170646250039018,0.0,63.0,-63.0,Below Signal,6,20.0,False
2025-10-23,182.16,0.6279596850874896,1.4371465824971772,-0.8091868974096876,0.0,59.0,-59.0,Below Signal,7,25.0,False
2025-10-24,186.26,0.8738939789654125,1.3244960617908244,-0.4506020828254118,35.0,38.0,-3.0,Below Signal,8,90.0,True
2025-10-27,191.49,1.4738266140097664,1.3543621722346129,0.11946444177515358,65.0,0.0,65.0,Above Signal,0,20.0,False
2025-10-28,201.03,2.6880892014204676,1.621107578071784,1.0669816233486835,71.0,0.0,71.0,Above Signal,1,25.0,False
2025-10-29,207.04,4.088231237694714,2.1145323099963704,1.9736989276983437,76.0,0.0,76.0,Above Signal,2,20.0,False
2025-10-30,202.89,4.807564955713644,2.6531388391398254,2.154426116573819,76.0,0.0,76.0,Above Signal,3,20.0,False
2025-10-31,202.49,5.284449607087851,3.1794009927294304,2.10504861435842,73.0,0.0,73.0,Above Signal,4,20.0,False
